{"cameraMode":{"drawMode":0,"name":"Shaded","section":"Shading Mode"},"sceneLighting":true,"audioPlay":false,"sceneViewState":{"m_AlwaysRefresh":false,"showFog":true,"showSkybox":true,"showFlares":true,"showImageEffects":true,"showParticleSystems":true,"showVisualEffectGraphs":true,"m_FxEnabled":true},"in2DMode":false,"pivot":{"x":0.31547707319259646,"y":-2.6113710403442385,"z":21.35196876525879},"rotation":{"x":0.06922519207000733,"y":0.03173185512423515,"z":-0.0021046169567853214,"w":0.9971715807914734},"size":11.250879287719727,"orthographic":false}